,baseline_metrics,sector_neutral_metrics,lagged_model_r2,lagged_model_rmse
Periods,72.0,72.0,-0.10473650047171001,0.0509009919272377
Annual Return,0.013418200440696415,-0.011183513511042853,-0.10473650047171001,0.0509009919272377
Sharpe Ratio,0.16310867178048574,0.06977379597320861,-0.10473650047171001,0.0509009919272377
Max Drawdown,-0.24563680276788946,-0.5193044648698476,-0.10473650047171001,0.0509009919272377
Average Turnover,0.2535211267605634,,-0.10473650047171001,0.0509009919272377
